;nom de l'école;statut;adresse;code postal;commune;école maternelle;école élémentaire;téléphone;mail;restauration;hébergement;ulis;nombre d'élèves;nom de la circonscription
1;Ecole élémentaire Alain Détré;public;68 rue du Soleil Levant;80100;ABBEVILLE;;1;03 22 24 24 43;ce.0801187f@ac-amiens.fr;1;0;1;107;Abbeville
2;école élémentaire Champ de Mars;public;3 Rue Paul Delique;80100;ABBEVILLE;;1;03 22 24 02 05 ;ecole.elem.champdemars.abbeville@ac-amiens.fr;1;0;;61;Abbeville
3;école élémentaire Dany Pruvot;public;17 rue Henri Sellier;80100;ABBEVILLE;;1;03 22 24 20 37;pruvot.abbeville@ac-amiens.fr;1;0;1;119;Abbeville
4;école élémentaire Cardamines;public;186 chemin des Postes;80100;ABBEVILLE;;1;03 22 24 35 76;ecole.elem.abbeville.est@ac-amiens.fr;1;0;1;126;Abbeville
5;école élémentaire Picardie;public;21 rue de Picardie;80100;ABBEVILLE;;1;03 22 24 16 54;ecole.elem.picardie.abbeville@ac-amiens.fr;1;0;1;144;Abbeville
6;école élémentaire Platanes;public;1 rue des Platanes;80100;ABBEVILLE;;1;03 22 24 28 63;ecole.elem.platanes.abbeville@ac-amiens.fr;1;0;;83;Abbeville
7;école élémentaire Poulies;public;9 place Saint Jacques;80100;ABBEVILLE;;1;03 22 24 33 16;ecole.eleme.poulies.abbeville@ac-amiens.fr;1;0;;174;Abbeville
8;école maternelle Champ de Mars;public;64 rue Honoré d'Estiennes d'Orves;80100;ABBEVILLE;1;;03 22 24 12 77;ecole.champdemars.abbeville@ac-amiens.fr;1;0;;39;Abbeville
9;école maternelle Chaussée d'Hocquet;public;234 chaussée d'Hocquet;80100;ABBEVILLE;1;;03 22 24 15 35;ecole.chausseedhocquet.abbeville@ac-amiens.fr;1;0;;95;Abbeville
10;école maternelle Jean Moulin;public;54 rue Jean Moulin;80100;ABBEVILLE;1;;03 22 24 15 89;ce.0801579g@ac-amiens.fr;1;0;;58;Abbeville
11;école maternelle Picardie;public;23 rue de Picardie;80100;ABBEVILLE;1;;03 22 24 35 51 ;ce.0801520T@ac-amiens.fr;1;0;;69;Abbeville
12;école maternelle Platanes;public;3 rue des Platanes;80100;ABBEVILLE;1;;03 22 24 61 74;ecole.mat.platanes.abbeville@ac-amiens.fr;1;0;;48;Abbeville
13;école maternelle Route de Paris;public;95 route de Paris;80100;ABBEVILLE;1;;03 22 24 15 60;ecole.routedeparis.abbeville@ac-amiens.fr;1;0;;42;Abbeville
14;école maternelle Thuison;public;19 rue Henri Sellier;80100;ABBEVILLE;1;;03 22 24 30 83 ;ecole.thuison-menchecourt.abbeville@ac-amiens.fr;1;0;;52;Abbeville
15;école maternelle Soleil Levant;public;19 rue du Soleil Levant;80100;ABBEVILLE;1;;03 22 24 16 26;ce.0801424N@ac-amiens.fr;1;0;;69;Abbeville
16;école primaire Beffroi;public;22 rue Gontier Patin;80100;ABBEVILLE;1;1;03 22 20 60 50;ce.0800822J@ac-amiens.fr;1;0;1;276;Abbeville
17;école primaire Jean Zay;public;13 rue Firmin de Touvoyon;80100;ABBEVILLE;1;1;03 22 24 21 05;ecole.prim.jzay.abbeville@ac-amiens.fr;1;0;1;194;Abbeville
18;école primaire Rouvroy;public;305 chaussée de Rouvroy;80100;ABBEVILLE;1;1;03 22 27 30 85;ecole.rouvroy.abbeville@ac-amiens.fr;1;0;1;139;Abbeville
19;"école primaire ""Rose Bertin""";public;2 bis rue de Monflières;80132;BELLANCOURT;1;1;03 22 31 20 11;ce.0801014T@ac-amiens.fr;1;0;;66;Abbeville
20;école primaire de Cambron;public;5 rue de l'Eglise;80132;CAMBRON;1;1;03 22 20 57 20 ;ce.0801665A@ac-amiens.fr;1;0;;89;Abbeville
21;"école primaire ""Les p'tits druides""";public;460 rue verte;80132;DRUCAT;1;1;03 22 24 99 40;0801016V@ac-amiens.fr;1;0;;70;Abbeville
22;école primaire de Vauchelles Les Quesnoy;public;48 place communale;80132;VAUCHELLES LES QUESNOY;1;1;03 22 31 29 43;ce.0800529R@ac-amiens.fr;1;0;;81;Abbeville
23;école de Caours;public;60 rue des près;80132;CAOURS;1;1;03 22 31 00 56;0801015U@ac-amiens.fr;1;0;;29;Abbeville
24;école de Neufmoulin;public;78 Grande Voie;80132;NEUFMOULIN;;1;03 22 28 90 01;ce.0800528P@ac-amiens.fr;1;0;;15;Abbeville
25;école d'Eaucourt;public;46 rue de la Fontaine;80580;EAUCOURT SUR SOMME;;1;03 22 27 17 47;ce.0801008L@ac-amiens.fr;1;0;;47;Abbeville
26;Ecole d'Epagnette;public;7 rue de l'école;80580;EPAGNETTE;1;;03 22 24 32 75;ce.0801010N@ac-amiens.fr;1;0;;21;Abbeville
27;"école primaire ""Les Fritilaires""";public;102 grande rue;80132;MAREUIL CAUBERT;1;1;03 22 31 73 49;ce.0801891W@ac-amiens.fr;1;0;;115;Abbeville
28;école élémentaire d'Hallencourt;public;1 rue des écoles;80490;HALLENCOURT;1;1;03 22 28 61 89;ce.0801674K@ac-amiens.fr;1;0;1;188;Abbeville
29;école élémentaire d'Erondelle;public;2 rue verte;80580;ERONDELLE;;1;03 22 27 19 33 ;ce.0800777K@ac-amiens.fr;1;0;;60;Abbeville
30;école maternelle de Fontaine Sur Somme;public;rue de la carrière;80510;FONTAINE SUR SOMME;1;;03 22 31 82 97;ce08001552C@ac-amiens.fr;1;0;;37;Abbeville
31;école primaire d'Huppy;public;16 rue de la Baronne;80140;HUPPY;1;1;03 22 28 55 17;ce.0800684J@ac-amiens.fr;1;0;;176;Abbeville
32;école de Condé Folie;public;7 rue du 11 novembre;80890;CONDE FOLIE;1;1;03 22 31 66 07;ce.0801552C@ac-amiens.fr;1;0;;84;Abbeville
33;ecole élémentaire de Longpré Les Corps Saints;public;3 rue du moulin;80510;LONGPRE LES CORPS SAINTS;;1;03 22 31 09 39 ;ce.0801836L@ac-amiens.fr;1;0;;111;Abbeville
34;école maternelle de Longpré Les Corps Saints;public;3 rue du moulin;80510;LONGPRE LES CORPS SAINTS;1;;03 22 31 56 40 ;ce.0801834J@ac-amiens.fr;1;0;;57;Abbeville
35;école primaire d'Arrest;public;2 place Saint Augustin;80820;ARREST;1;1;03 22 26 84 39;ecole.prim.arrest@ac-amiens.fr;1;0;;89;Abbeville
36;école de Cayeux Sur Mer;public;1 rue du Maréchal Foch;80410;CAYEUX SUR MER;1;1;03 22 26 65 99;ce.0800664M@ac-amiens.fr;1;0;;53;Abbeville
37;Ecole de Pendé;public;10 rue de la Mairie;80230;PENDE;;1;03 22 26 97 92;ce.0801434z@ac-amiens.fr;1;0;;24;Abbeville
38;Ecole de Sallenelle;public;rue du Général De Gaulle;80230;SALLENELLE;1;1;03 22 60 74 58;ce.080736r@ac-amiens.fr;1;0;;41;Abbeville
39;Ecole de Saint Blimont;public;1 rue des écoles;80960;SAINT BLIMONT;1;1;03 22 26 93 92;ce.0802067m@ac-amiens.fr;1;0;;110;Abbeville
40;école de Saint Valery;public;rue des Corderies;80230;SAINT VALERY;1;1;03 22 60 87 96;ce.0801331m@ac-amiens.fr;1;0;1;141;Abbeville
41;Ecole de Vaudricourt;public;1 impasse de la Mairie;80230;VAUDRICOURT;1;1;03 22 60 78 76;ce.0800809v@ac-amiens.fr;1;0;;29;Abbeville
42;Ecole de Mons Boubert;public;Rue Delattre;80820;MONS BOUBERT;1;1;03 22 31 68 59;ecole.prim.arrest@ac-amiens.fr;1;0;;41;Abbeville
43;Ecole de Saigneville;public;12, Rue de l'Eglise;80230;SAIGNEVILLE;1;1;03 22 29 87 54;ce.0800739u@ac-amiens.fr;1;0;;18;Abbeville
44;Ecole de Franleu;public;14, rue des écoles;80210;FRANLEU;;1;03 22 31 64 94;ce.0801493n@ac-amiens.fr;1;0;;22;Abbeville
45;Ecole de Boismont;public;16 rue Louis de Rainvillers;80230;BOISMONT;1;1;03 22 26 82 98;ce.0800661j@ac-amiens.fr;1;0;;18;Abbeville
46;Ecole de Brutelles;public;29 rue de l'Eglise;80230;BRUTELLES;;1;03 22 26 52 98;ecole.prim.brutelles@ac-amiens;1;0;;23;Abbeville
47;Ecole de Lanchères;public;84 rue de l'Abbé Ducrocq;80230;LANCHERES;;1;03 22 60 71 11 ;ce.0800731k@ac-amiens.fr;1;0;;39;Abbeville
48;Ecole de Wathiehurt;public;Route de Saint Valery;80230;WATHIEHURT;1;;03 22 60 72 82;ce.0800671v@ac-amiens.fr;1;0;;26;Abbeville